Question,Answer,Context
"1. What is the goal of meditation according to ""Dhyana Vahini: Stream of Meditation""?",Answer: The goal of meditation is to experience the blissful atmic state.,
2. What is the importance of good character in spiritual progress?,"Answer: Good character is essential for spiritual progress, as progress depends on the worth and quality of the individual.",
3. How does one acquire the analytical reason necessary for spiritual progress?,"Answer: One acquires analytical reason through analysis, ratiocination, fearless inquiry, and pure reason.",
4. What is the danger of too much attachment to books?,"Answer: Too much attachment to books is itself an undesirable habit, as the essence of knowledge cannot be imbibed and practiced without actual practical experience.",
"5. What is the ladder that spiritual aspirants, yogis, and renunciants must climb?","Answer: The ladder that spiritual aspirants, yogis, and renunciants must climb includes the steps of argumentation, no argumentation, analysis, non-analysis, agreement, etc.",
6. How is the knowledge of the eternal Absolute acquired?,Answer: The knowledge of the eternal Absolute is acquired through meditation.,
"7. What is the nature of the passing show, or the world (jagath)?","Answer: The passing show, or the world (jagath), is based on illusions (maya) and is therefore branded ""false"".",
8. What is the danger of mere recognition of the falsity of the world?,Answer: Mere recognition of the falsity of the world or an awareness of one's shortcomings will not lead one on the higher path and take one to the highest truth.,
9. What is the importance of promoting the welfare of every being in nature?,Answer: Sharing in the task of promoting the welfare of every being in nature is essential for acquiring analytical reason (viveka).,
10. What is the role of meditation and yoga in acquiring the knowledge of the Real?,"Answer: The fire of meditation and yoga will reduce the sapless activities of the mind (manas) to ashes, and the knowledge (jnana) of the Real will flash, shining with undiminished effulgence.",
11. What is the importance of discipline in meditation?,"Answer: Discipline is very necessary for meditation, as it helps one to adopt a good sitting pose, avoid tension of the body, and ease the mind from the weight and pressure of the body.",
"12. What is the significance of namasmarana, japa, and dhyana in spiritual practice?","Answer: Namasmarana, japa, and dhyana are important spiritual practices that must be practiced with a great deal of care, according to a planned routine, and without any discussion with others.",
13. What is the danger of attachment to worldly things?,Answer: Attachment to worldly things can lead to a lack of renunciation and can hinder spiritual progress.,
14. What is the importance of good habits and high ideals in spiritual practice?,"Answer: Good habits and high ideals are essential for spiritual practice, as they help one to cultivate the necessary qualities for spiritual progress.",
15. What is the role of meditation in realizing the Atma within oneself?,"Answer: Through meditation, people can reach the divine experience of realizing the Atma within themselves, casting off sheaths of ignorance, layer after layer, and withdrawing their sense perceptions from contact with worldly objective experiences.",
16. What is the importance of enthusiasm and joy in spiritual practice?,"Answer: Enthusiasm and joy are important qualities to cultivate in spiritual practice, as they help one to conduct oneself positively and with dedication towards earning Atmic bliss.",
17. What is the significance of the troubles and tribulations that come with attempting to destroy undesirable activities of the mind?,Answer: The troubles and tribulations that come with attempting to destroy undesirable activities of the mind will disappear through the strict course and rules of meditation and spiritual practice.,
18. What is the danger of too much attachment to possessions and relatives?,Answer: Too much attachment to possessions and relatives can lead to a lack of freedom of movement and can hinder spiritual progress.,
19. What is the importance of taking life lightly?,Answer: Taking life lightly can help one to realize the impermanence of worldly things and can help one to focus on spiritual progress.,
"20. What is the significance of the fish analogy in ""Dhyana Vahini: Stream of Meditation""?","Answer: The fish analogy is used to illustrate the importance of remembrance of the name, repetition of the name, and meditation in spiritual practice, and the need to practice these with a great deal of care and without any discussion with others.",
21. What is the importance of patience and fortitude in spiritual practice?,"Answer: Patience and fortitude are important qualities to cultivate in spiritual practice, as they help one to overcome difficulties and temptations that may arise.",
"22. What is the danger of giving in to dispiritedness, despondency, or feelings of failure or doubt in spiritual practice?","Answer: Giving in to dispiritedness, despondency, or feelings of failure or doubt can hinder spiritual progress and cause one to lose already-achieved success.",
23. What is the importance of constant vigilance and patience in spiritual practice?,"Answer: Constant vigilance and patience are important qualities to cultivate in spiritual practice, as they help one to remain focused on the goal and overcome obstacles that may arise.",
"24. What is the significance of the caravanserai analogy in ""Dhyana Vahini: Stream of Meditation""?","Answer: The caravanserai analogy is used to illustrate the impermanence of worldly things and the need to focus on spiritual progress, moving from one stage to another towards the ultimate goal.",
25. What is the role of analytical reason in spiritual practice?,"Answer: Analytical reason is important in spiritual practice, as it helps one to distinguish between the real and the unreal and to understand the nature of the eternal Absolute.",
26. What is the importance of surrendering to the divine will in spiritual practice?,"Answer: Surrendering to the divine will is important in spiritual practice, as it helps one to let go of the ego and to trust in the divine plan.",
"27. What is the significance of the analogy of the centipede in ""Dhyana Vahini: Stream of Meditation""?","Answer: The analogy of the centipede is used to illustrate the danger of becoming too attached to worldly things and losing freedom of movement, hindering spiritual progress.",
28. What is the importance of self-control in spiritual practice?,"Answer: Self-control is important in spiritual practice, as it helps one to overcome desires and attachments that may hinder spiritual progress.",
"29. What is the significance of the analogy of the traveller in ""Dhyana Vahini: Stream of Meditation""?","Answer: The analogy of the traveller is used to illustrate the impermanence of worldly things and the need to focus on spiritual progress, moving from one stage to another towards the ultimate goal.",
30. What is the role of devotion in spiritual practice?,"Answer: Devotion is important in spiritual practice, as it helps one to cultivate love and reverence for the divine and to surrender to the divine will.",
31. What is the importance of discrimination and renunciation in spiritual practice?,"Answer: Discrimination and renunciation are important qualities to cultivate in spiritual practice, as they help one to distinguish between the real and the unreal and to let go of desires and attachments that may hinder spiritual progress.",
"32. What is the significance of the analogy of the charioteer in ""Dhyana Vahini: Stream of Meditation""?","Answer: The analogy of the charioteer is used to illustrate the need to control the senses and to suppress their outbursts, just as the charioteer controls the raging steeds with the whip and the reins.",
33. What is the importance of concentration and visualization in spiritual practice?,"Answer: Concentration and visualization are important in spiritual practice, as they help one to focus the mind and to visualize the divine form, leading to spiritual progress.",
"34. What is the significance of the analogy of the fish breeding in ""Dhyana Vahini: Stream of Meditation""?","Answer: The analogy of the fish breeding is used to illustrate the importance of nurturing spiritual practice in a safe and supportive environment, before venturing out into the world and facing its challenges.",
35. What is the role of meditation in spiritual practice?,"Answer: Meditation is important in spiritual practice, as it helps one to focus the mind and to experience the divine within oneself, leading to spiritual progress.",
"36. What is the goal of meditation according to ""Dhyana Vahini: Stream of Meditation""?","Answer: The goal of meditation according to ""Dhyana Vahini: Stream of Meditation"" is to experience the divine within oneself and to realize one's true nature as the eternal Atma.",
37. What is the importance of faith in spiritual practice?,"Answer: Faith is important in spiritual practice, as it helps one to trust in the divine and to surrender to the divine will, leading to spiritual progress.",
"38. What is the significance of the analogy of the millionaire in ""Dhyana Vahini: Stream of Meditation""?","Answer: The analogy of the millionaire is used to illustrate the impermanence of worldly things and the need to focus on spiritual progress, rather than becoming attached to material possessions.",
39. What is the role of good habits in spiritual practice?,"Answer: Good habits are important in spiritual practice, as they help one to cultivate positive qualities and to prepare the mind for concentration and meditation.",
40. What is the importance of visualization in spiritual practice?,"Answer: Visualization is important in spiritual practice, as it helps one to focus the mind and to visualize the divine form, leading to spiritual progress.",
"41. What is the significance of the eight-fold yoga in ""Dhyana Vahini: Stream of Meditation""?","Answer: The eight-fold yoga is significant in ""Dhyana Vahini: Stream of Meditation"" as it provides a comprehensive framework for spiritual practice, including ethical principles, physical postures, breath control, concentration, meditation, and absorption in the divine.",
42. What is the importance of detachment in spiritual practice?,"Answer: Detachment is important in spiritual practice, as it helps one to let go of desires and attachments that may hinder spiritual progress and to focus on the ultimate goal of realizing the divine within oneself.",
"43. What is the significance of the analogy of the caravanserai in ""Dhyana Vahini: Stream of Meditation""?","Answer: The analogy of the caravanserai is used to illustrate the impermanence of worldly things and the need to focus on spiritual progress, moving from one stage to another towards the ultimate goal.",
44. What is the role of self-inquiry in spiritual practice?,"Answer: Self-inquiry is important in spiritual practice, as it helps one to question the nature of the self and to realize one's true nature as the eternal Atma.",
45. What is the importance of service in spiritual practice?,"Answer: Service is important in spiritual practice, as it helps one to cultivate selflessness and to serve the divine in all beings, leading to spiritual progress.",
"46. What is the significance of the analogy of the lotus in ""Dhyana Vahini: Stream of Meditation""?","Answer: The analogy of the lotus is used to illustrate the need to rise above the mud of worldly desires and attachments and to blossom into the divine consciousness, just as the lotus rises above the muddy water and blooms into a beautiful flower.",
47. What is the importance of devotion in spiritual practice?,"Answer: Devotion is important in spiritual practice, as it helps one to develop a loving relationship with the divine and to surrender to the divine will, leading to spiritual progress.",
"48. What is the significance of the analogy of the bird in ""Dhyana Vahini: Stream of Meditation""?","Answer: The analogy of the bird is used to illustrate the need to detach from the body and the mind and to soar into the realm of the divine, just as the bird flies freely in the sky.",
49. What is the role of breath control in spiritual practice?,"Answer: Breath control is important in spiritual practice, as it helps one to calm the mind and to prepare for concentration and meditation.",
50. What is the importance of self-discipline in spiritual practice?,"Answer: Self-discipline is important in spiritual practice, as it helps one to cultivate positive habits and to overcome negative tendencies, leading to spiritual progress.",
"51. What is the significance of the analogy of the fish in ""Dhyana Vahini: Stream of Meditation""?","Answer: The analogy of the fish is used to illustrate the need to protect oneself from the dangers of the world and to cultivate inner strength and courage, just as the fish protects its young ones in a safe place before releasing them into the open sea.",
52. What is the role of concentration in spiritual practice?,"Answer: Concentration is important in spiritual practice, as it helps one to focus the mind and to prepare for meditation and absorption in the divine.",
53. What is the importance of surrender in spiritual practice?,"Answer: Surrender is important in spiritual practice, as it helps one to let go of the ego and to surrender to the divine will, leading to spiritual progress.",
"54. What is the significance of the analogy of the spider in ""Dhyana Vahini: Stream of Meditation""?","Answer: The analogy of the spider is used to illustrate the need to focus the mind and to cultivate single-pointed concentration, just as the spider weaves its web with great care and concentration.",
55. What is the role of mantra in spiritual practice?,"Answer: Mantra is important in spiritual practice, as it helps one to focus the mind and to repeat the divine name, leading to spiritual progress.",
56. What is the difference between concentration and meditation?,"Answer: Concentration is the ability to focus the mind on a single object or thought, while meditation is the state of absorption in the object of concentration, leading to a deeper experience of the divine.",
57. What is the importance of self-inquiry in spiritual practice?,"Answer: Self-inquiry is important in spiritual practice, as it helps one to understand the nature of the self and to realize the ultimate truth of existence.",
"58. What is the significance of the analogy of the bee in ""Dhyana Vahini: Stream of Meditation""?","Answer: The analogy of the bee is used to illustrate the need to focus the mind and to cultivate single-pointed concentration, just as the bee collects nectar from flowers with great care and concentration.",
59. What is the role of service in spiritual practice?,"Answer: Service is important in spiritual practice, as it helps one to cultivate selflessness and to serve others as a manifestation of the divine.",
60. What is the importance of detachment in spiritual practice?,"Answer: Detachment is important in spiritual practice, as it helps one to let go of worldly attachments and to focus on the ultimate goal of spiritual realization.",
